одалживать	5
тормозить	2
заблудиться	4
нравиться	7
навещать	5
отражать	5
называться	5
пугаться	4
ложиться	7
любоваться	6
стремиться	5
восполнять	1
наслаждаться	3
скрывать	5
договариваться	5
объявлять	7
разрушать	5
расспрашивать	3
находить	6
учить	7
вспоминать	6
мешать	6
исполнять	5
ожидать	4
подготовиться	4
обладать	3
заблуждаться	2
усваивать	4
высылать	1
действовать	4
выбирать	7
наклониться	3
догадываться	4
возражать	6
отвернуться	4
провожать	7
допрашивать	3
открывать	7
спускаться	5
достигать	5
утверждать	5
использовать	7
позволять	4
различаться	3
ремонтировать	4
волноваться	6
снимать	5
висеть	5
откладывать	4
отдавать	6
поправлять	4
угадывать	3
исправлять	6
уклоняться	2
сдерживаться	1
вступать	6
выполнять	6
добиваться	6
наполнять	3
погибать	6
ломать	6
упоминать	3
повернуться	5
сгибаться	1
назваться	2
помещать	4
понять	6
образовать	5
хранить	6
заниматься	6
отменяться	1
выявлять	2
создать	4
сгибать	3
схватить	4
ликвидировать	3
умирать	5
соглашаться	7
беспокоиться	6
тревожиться	3
приготовить	7
уславливаться	1
пополнять	1
стараться	5
значить	5
смотреть	6
подготовить	6
видеть	7
проверять	6
уплатить	1
оценивать	3
успевать	5
разговаривать	6
разрешать	5
спускать	3
контролировать	4
истреблять	2
отсрочивать	1
руководить	6
проявлять	6
применять	4
лежать	6
избирать	5
объяснять	6
нагибать	2
просить	6
ценить	4
печатать	6
занимать	6
опасаться	2
выяснять	5
сохранять	4
заявлять	6
звать	7
переносить	5
посещать	7
заведовать	3
изображать	4
выдумывать	2
противоречить	2
спрашивать	7
беседовать	6
застрелить	1
чинить	5
нарушать	6
рассказывать	7
подписываться	4
обнаруживать	3
отказывать	4
уметь	5
охватить	2
пытаться	3
дожидаться	3
приготовиться	5
уничтожать	6
доставать	6
касаться	6
различать	3
подтверждать	5
знать	7
любить	7
портить	5
отличать	3
поклониться	2
захватить	5
расписываться	2
сопровождать	5
нагибаться	3
протестова	1
объединять	6
отличаться	6
соединять	5
опускать	6
удерживаться	2
бояться	6
владеть	7
решать	7
заплатить	6
восхищаться	5
слушать	7
придумывать	6
обозначать	4
затрагивать	2
изобретать	6
осуждать	4
догадаться	3
препятствовать	3
указывать	5
класть	6
напоминать	6
командовать	4
расстрелять	1
ошибаться	6
называть	6
вешать	7
пользоваться	6
отказываться	6
разбивать	5
слышать	7
основать	6
опускаться	4
пробовать	5
судить	6
узнать	5
публиковать	4
склониться	2
вставать	6
дополнять	5
учиться	6
прятать	6
заполнять	4
ставить	6
показывать	6
состоять	6
отсылать	1
получать	7
решаться	3
говорить	6
подписывать	6
беречь	5
стоять	5
осваивать	4
мочь	5
поступать	6
употреблять	6
запоминать	7
присылать	6
означать	3
оплатить	3
овладевать	5
составлять	5
изучать	6
выписывать	6
отгадывать	3
обернуться	4
посылать	7
отклоняться	1
заботиться	7
давать	7
влиять	4
арендовать	2
ждать	6
управлять	5
организовать	6
гладить	5
раздаться	2
оставаться	4
освободиться	4
заметить	5
мыть	5
повторить	4
надоесть	4
разрешить	4
отнестись	4
садиться	5
оказываться	4
окрепнуть	2
послать	5
закрывать	5
восхититься	3
замечать	5
совершить	4
объединить	4
украшать	4
относиться	4
зажигаться	2
подмести	3
добиться	4
развиваться	3
явиться	5
собрать	4
улыбаться	5
сравнивать	6
зажечься	2
бегать	5
загораться	3
поблагодарить	4
приезжать	5
отдать	4
знакомиться	5
выехать	4
сгореть	3
сохраниться	2
готовить	5
захотеть	4
предложить	6
сходить	5
проверить	4
съездить	2
спасать	4
пускать	5
поцеловать	4
связать	3
измерять	5
пригодиться	3
обидеться	5
раздаваться	3
перегонять	3
встречать	5
одевать	5
успокоить	3
навестить	3
начинать	6
отправляться	4
обсуждать	5
улучшать	4
обижать	5
ударить	5
продолжать	5
простуживаться	1
влюбиться	4
ухудшиться	2
провести	4
выпить	4
догнать	4
прекращать	6
появляться	4
объяснить	4
спорить	5
плавать	5
отправить	4
зажигать	5
коснуться	4
возвратить	4
научный	1
получиться	3
устроить	3
забыть	4
лечить	4
оправдывать	3
смеяться	6
ранить	5
показываться	4
выступать	5
отходить	4
оказать	2
фотографировать	5
восстанавливать	4
ругать	5
лечь	5
победить	5
сойти	5
передавать	6
всходить	3
плыть	3
выучить	4
развивать	6
принадлежать	5
отнести	5
загореть	3
заехать	2
обидеть	5
улучшиться	2
варить	6
резать	4
попробовать	4
стучать	4
жечь	4
накрывать	6
заставлять	5
выпустить	4
пообещать	2
запретить	3
награждать	5
приблизиться	4
глядеть	4
заявить	5
создавать	4
заменять	6
возразить	5
спешить	4
исчезать	3
цвести	4
съехать	2
блестеть	4
спасти	5
окружить	5
сообщить	5
спастись	3
ударяться	4
представлять	6
преодолеть	4
замолчать	4
выдать	4
целоваться	4
постараться	4
уменьшаться	2
осуществлять	5
потонуть	1
причёсываться	2
стоить	4
загореться	3
брать	5
делать	6
записать	6
зарабатывать	4
мёрзнуть	3
научить	4
подняться	5
посадить	4
прощать	6
наступить	4
заходить	6
раздеться	2
осуществить	4
укрепить	4
соединиться	2
летать	3
въезжать	3
кончить	4
рассердиться	4
выбрать	5
красить	4
завязывать	5
разбудить	4
хватить	2
остановиться	5
пожимать	2
переехать	3
подарить	4
поздравить	3
поздравлять	5
подавать	5
выстрелить	4
интересовать	5
образоваться	2
поднимать	5
разойтись	1
сверкать	3
бывать	4
съехаться	1
наблюдать	5
потерять	4
выбрасывать	4
здороваться	5
задавать	5
измерить	4
помочь	5
появиться	3
верить	6
разбиваться	4
вымыться	4
вытирать	5
жениться	6
прибыть	4
представить	6
тонуть	4
краснеть	4
заезжать	2
отнять	5
подниматься	5
течь	5
направление	1
раздеваться	2
дышать	5
внести	5
создаться	3
усиливать	3
чувствовать	5
лететь	3
обращаться	5
накрыться	2
объявить	5
постоять	2
пропустить	4
обращать	5
вернуться	5
разбиться	4
ужинать	4
остаться	4
дрожать	4
погулять	2
звенеть	3
мечтать	6
расходиться	3
понимать	6
оросить	1
погибнуть	4
изменяться	4
молчать	4
поспорить	4
договориться	5
идти	6
показаться	4
сохраняться	2
уменьшить	2
крепнуть	2
наливать	4
посвятить	4
голосовать	5
жать	3
вызывать	5
грустить	3
находиться	4
постучать	4
пройти	3
одеться	5
приказать	4
аплодировать	4
угостить	4
водить	4
пахать	4
нарисовать	4
извиниться	4
повесить	4
мчаться	3
обедать	4
задуматься	4
сломать	4
смутиться	2
кончать	5
перевыполнить	3
освещать	4
поступить	4
купить	4
наградить	4
случаться	5
доверять	5
уйти	2
ухудшить	2
вспахать	3
приходить	6
завести	5
надеть	4
выбросить	5
собраться	4
ломаться	3
удариться	4
увеличивать	5
стирать	5
пожелать	4
вздохнуть	4
быть	5
возить	4
заводить	5
обнять	4
посоветовать	4
проявить	4
потрогать	1
умываться	5
происходить	4
осматривать	5
накормить	4
перестать	3
потянуть	2
доверить	4
полюбоваться	2
вынуть	5
покраснеть	4
воспитывать	5
направить	5
обмануть	4
поставить	4
одеть	5
обходить	4
утонуть	4
пропускать	5
изменить	4
укреплять	5
суметь	2
осмотреть	4
заслуживать	5
выдавать	5
влезть	2
восклицать	1
греметь	4
поворачиваться	4
соревноваться	6
сыграть	4
налить	3
успокаивать	4
доходить	4
заказать	5
прятаться	4
вывести	5
поссориться	4
проехать	5
останавливать	5
дружить	3
украсить	4
поддержать	4
открыться	4
присутствовать	4
позавтракать	4
заключить	5
жалеть	5
готовиться	5
отступить	3
привести	5
вытащить	3
наказать	4
основывать	5
отпустить	4
переписать	4
скучать	5
пустить	4
замёрзнуть	2
везти	5
чистить	6
отказаться	4
сомневаться	4
развить	5
успокоиться	3
велеть	4
сварить	4
довести	3
ненавидеть	5
пожать	4
прекратить	4
родиться	5
дойти	4
послушаться	3
убирать	5
возникать	4
торопиться	5
стереть	4
выступить	4
ухудшаться	2
обижаться	5
оглянуться	2
собирать	4
выгнать	3
изменять	5
наклоняться	3
прислать	5
кончаться	4
завидовать	4
улучшаться	2
ошибиться	4
строить	5
оскорблять	3
позаботиться	4
подружиться	4
занять	5
развиться	4
ухудшать	3
попадать	4
проезжать	5
произвести	4
съесть	4
заболеть	5
соединить	3
посмотреть	4
извинить	4
переезжать	5
принять	5
умывать	2
сшить	4
постричься	2
продать	5
поцеловаться	3
сосчитать	4
отнимать	6
назначать	5
уменьшиться	2
запомнить	4
выполнить	4
покушать	2
казаться	5
накрываться	2
стрелять	4
скрыться	4
предупредить	4
принести	5
увеличиться	2
сдавать	5
добыть	4
приводить	5
поглядеть	3
пригласить	5
лить	5
выливать	3
отъезжать	2
перегнать	3
жаловаться	5
нести	5
объединиться	4
увеличить	3
напомнить	4
разъехаться	1
сесть	5
вспомнить	4
искать	5
трудиться	5
привыкнуть	5
назначить	5
прийтись	2
простудиться	3
поймать	4
согласиться	5
превращаться	5
болеть	5
радоваться	4
послушать	2
отъехать	1
устать	4
усилиться	2
греть	4
закончиться	4
объединяться	4
выгонять	3
дать	5
вымыть	4
побледнеть	3
пойти	4
удаться	4
улучшить	3
стричься	4
бороться	5
запрещать	5
повторять	5
подумать	4
попросить	4
разделить	4
слушаться	4
перенести	4
накрыть	4
познакомиться	5
полететь	4
встретить	6
починить	3
звонить	6
приказывать	6
прожить	4
устраивать	3
приходиться	3
уменьшать	4
врать	2
осуществиться	1
опоздать	5
нападать	5
обменяться	4
обратить	5
засмеяться	4
оканчивать	5
отсутствовать	3
превратить	4
считать	4
опустить	5
обеспечивать	5
проснуться	4
вмешиваться	3
улыбнуться	4
работать	5
вздыхать	3
съезжаться	1
думать	6
завернуть	4
обрадовать	3
влезать	2
поздороваться	4
уставать	4
убедить	4
гасить	5
относить	5
есть	4
перевыполнять	3
скрываться	5
изобразить	4
передать	5
оглядываться	4
принимать	6
сломаться	5
прекратиться	2
согреть	2
угощать	5
убедиться	4
очистить	3
покупать	6
уничтожить	4
встать	5
кататься	5
отступать	4
гулять	4
показать	5
спрятать	4
обняться	3
кашлять	5
пожалеть	4
исполнить	3
прыгать	4
падать	4
переписывать	5
почистить	3
приветствовать	6
бежать	5
продолжаться	3
воспитать	4
казнить	1
выиграть	5
прекращаться	3
оскорбить	2
уезжать	5
подписать	4
проиграть	5
завоевать	4
украсть	3
взяться	4
охранять	5
удаваться	4
служить	5
бить	4
нарушить	4
возвратиться	4
становиться	5
сравнить	5
увидеть	4
ссориться	5
открываться	3
соединяться	2
сойтись	1
погасить	5
следить	5
являться	5
орошать	2
перейти	4
хотеть	6
продавать	6
читать	6
выезжать	5
освоить	3
выводить	5
случиться	4
посоветоваться	3
возвращаться	6
лезть	4
окончиться	3
посетить	4
мыться	5
завязать	5
уходить	5
воскликнуть	1
встречаться	5
выигрывать	5
красть	3
задать	5
скрыть	3
позвать	4
полюбить	4
обратиться	5
забывать	6
спросить	4
приглашать	6
гордиться	5
прибывать	5
танцевать	6
засыпать	5
обещать	5
погладить	4
попрощаться	1
поговорить	4
рвать	2
бродить	3
отставать	5
закричать	3
спуститься	3
закончить	6
помнить	5
овладеть	3
направляться	4
употребить	4
производить	5
биться	4
признать	5
закрыть	5
оканчиваться	3
восстановить	5
доезжать	4
признаться	5
уехать	4
составить	3
выписать	4
кормить	5
поджарить	3
надевать	5
ослабить	2
проводить	6
выздоравливать	4
ездить	6
праздновать	5
умереть	5
выключать	5
колебаться	4
получаться	4
отдыхать	5
изучить	4
заканчиваться	4
доказывать	4
оказывать	3
ударять	3
помогать	6
вынимать	5
прыгнуть	4
ответить	5
эксплуатировать	4
шуметь	4
посвящать	5
оставлять	6
нуждаться	5
осветить	4
простить	6
записывать	6
обманывать	5
извиняться	5
пить	6
понравиться	4
терять	5
шить	4
сдержать	1
взойти	2
заплакать	4
бросаться	4
броситься	3
вылечить	4
выйти	5
сажать	5
сдать	5
упасть	5
просыпаться	3
выпускать	5
построить	4
услышать	4
курить	6
подождать	5
вступить	4
удивляться	4
пахнуть	5
покурить	2
отвечать	6
обниматься	4
поужинать	4
превращать	5
приехать	5
задумываться	4
защитить	5
махнуть	3
растаять	3
начать	5
вносить	4
хвалить	6
исчезнуть	3
обеспечить	4
наступать	5
освобождаться	5
пошутить	4
положить	6
убеждаться	5
въехать	2
усиливаться	2
освободить	4
убеждать	5
исключение	1
пропадать	3
оказаться	3
сидеть	6
трогать	4
целовать	5
исправить	4
сходиться	1
проститься	5
успеть	3
крикнуть	3
ловить	6
взволновать	4
вызвать	4
ехать	5
отрезать	4
подтвердить	3
убить	5
арестовать	4
вмешаться	3
позавидовать	3
разъезжаться	1
заснуть	4
встретиться	5
начаться	5
открыть	5
интересоваться	6
переводить	5
отпускать	6
подметать	4
проигрывать	5
подчеркнуть	4
подъезжать	3
пообедать	4
создаваться	3
увеличиваться	2
хватать	4
убрать	4
советовать	5
закурить	1
шептать	4
добавить	4
ходить	5
взять	4
гореть	5
завертывать	2
удивиться	5
кипеть	4
кончиться	3
испугаться	4
подъехать	4
сердиться	5
перевести	5
надоедать	5
дуть	5
поверить	4
входить	6
предстоять	3
войти	4
обойти	3
иметь	5
умыться	3
планировать	3
признавать	5
проходить	3
совершать	4
влюбляться	2
соврать	2
ослаблять	2
дарить	6
окончить	5
переходить	6
достать	5
поесть	5
сверкнуть	3
осуществляться	1
прощаться	5
наказывать	5
узнавать	5
придумать	4
окружать	5
направлять	5
признаваться	5
махать	5
похвалить	4
волновать	5
разорвать	4
вытереть	4
кричать	5
уважать	5
повторяться	1
определить	4
добавлять	5
купаться	3
смущаться	3
доводить	4
двигаться	5
оставить	4
держаться	5
отправлять	6
останавливаться	6
мерить	5
сообщать	5
желать	5
привыкать	5
выходить	6
начинаться	5
носить	6
отдохнуть	4
замерзать	4
вылить	3
кушать	2
вырасти	5
будить	6
позвонить	4
напасть	5
повториться	1
достигнуть	2
состояться	4
опаздывать	5
побеждать	5
сказать	6
приближаться	4
съезжать	2
благодарить	6
обнимать	5
выключить	4
плакать	6
снять	4
отойти	2
подать	5
обсудить	4
тратить	5
зайти	5
доехать	4
заслужить	3
одеваться	5
рисовать	5
браться	4
разбить	6
спрятаться	4
подходить	6
определять	5
отправиться	3
догонять	5
подчёркивать	4
поднять	4
причесаться	4
произойти	2
вернуть	5
надеяться	6
успокаиваться	4
превратиться	4
убивать	6
гибнуть	4
приносить	6
спать	5
заключать	5
извинять	5
заменить	4
предупреждать	5
собираться	4
измениться	3
связывать	4
исключить	5
пропасть	2
нагреть	2
прочитать	3
жить	5
остановить	4
спеть	4
заставить	4
изобрести	4
разрезать	3
прийти	5
выздороветь	3
доказать	3
подойти	4
заканчивать	6
сделать	6
спасаться	3
радовать	4
зажечь	5
написать	4
бриться	3
бросать	5
усилить	3
заказывать	6
тянуть	5
бросить	4
заработать	3
пожаловаться	4
зависеть	5
добывать	5
исключать	5
оправдать	3
отстать	5
советоваться	4
захватывать	5
хотеться	3
научиться	4
истратить	3
освобождать	5
решить	5
светить	5
таять	4
тронуть	4
направиться	4
защищать	6
напечатать	4
поддерживать	5
воспользоваться	2
получить	4
возвращать	6
почувствовать	4
требовать	4
поехать	4
переставать	4
двинуться	3
возникнуть	3
стать	4
погрузить	2
торговать	3
повалить	2
редактировать	3
удовлетворять	3
подражать	2
призывать	4
простираться	1
соблюдать	3
ввезти	2
испытывать	4
нагревать	1
господствовать	3
завтракать	3
толкать	4
жевать	3
нападение	1
подчиняться	2
прибавлять	5
существовать	2
мстить	2
издавать	3
делить	5
облегчать	4
простужаться	2
одобрять	3
передвигаться	1
доложить	4
заключаться	2
пробегать	3
удалять	2
издать	3
подбирать	4
охватывать	1
расставаться	5
проглотить	3
лечиться	3
писать	5
пришивать	3
рыть	2
поливать	4
уводить	2
порвать	3
делиться	5
соскучиться	3
отремонтировать	3
отменять	3
предшествовать	2
примириться	2
взорвать	4
трясти	2
погружаться	2
облетать	1
совпадать	2
платить	5
предлагать	4
причинять	2
противопоставлять	2
предназначать	1
заставать	3
сфотографировать	3
посметь	2
описывать	4
отворачиваться	1
присоединять	2
приложить	3
сопротивляться	3
опровергать	2
уронить	3
устраиваться	2
свалить	2
вывозить	2
годиться	2
участвовать	4
поджигать	1
испечь	3
раскрывать	3
испортить	3
преодолевать	4
решиться	2
склонять	2
приниматься	3
поворачивать	3
задыхаться	2
распространять	2
рубить	3
колоть	3
лишать	3
поправляться	4
огорчаться	2
огорчать	3
смять	1
расположить	2
воровать	2
свергать	1
стричь	2
удивить	3
уговаривать	2
увезти	1
путешествовать	4
предусматривать	2
копать	3
критиковать	3
объясняться	3
предать	2
охотник	1
отрываться	4
полагаться	4
предавать	2
оккупировать	3
потушить	3
записываться	4
тревожить	3
расходовать	2
брить	2
обслуживать	2
опрокидывать	1
рассчитывать	3
вставлять	4
сделаться	3
гаснуть	3
мигать	2
сушить	4
вводить	3
доноситься	1
отодвигать	1
провозглашать	2
отложить	3
высушить	3
вычесть	2
шутить	3
завоёвывать	3
угнетать	3
согнуть	2
обрабатывать	3
зачёркивать	2
отметить	4
разорваться	2
петь	5
преобразовывать	2
проконтролировать	2
испортиться	2
выражать	4
увольнять	1
прибегать	3
подчинять	3
различить	2
сжечь	3
выстирать	3
доставаться	2
налаживать	3
заинтересоваться	3
жарить	5
вообразить	2
посолить	3
распространяться	1
опубликовать	3
застать	3
располагать	2
взглянуть	3
начертить	3
расширяться	2
держать	5
сниться	2
мириться	4
набирать	4
оспаривать	2
уверять	2
удаляться	2
телеграфировать	2
проголосовать	3
дежурить	3
делаться	3
запевать	3
развёртывать	3
поделиться	2
выгладить	3
беспокоить	4
разделиться	2
причёсывать	2
одерживать	3
переписываться	4
поразить	4
разобраться	3
переживать	3
повышать	4
располагаться	3
выражаться	3
завёртывать	4
разбирать	4
печь	3
характеризовать	3
возбуждать	4
убегать	3
отделять	4
исследовать	5
раздевать	4
шагать	3
погаснуть	3
обойтись	1
упражняться	3
звучать	3
выбегать	3
пожертвовать	2
виднеться	1
оформлять	4
сочинять	2
требоваться	2
хоронить	3
перевезти	3
упрекать	3
ухаживать	4
преследовать	4
справляться	4
закуривать	1
расположиться	3
отличиться	4
пилить	3
сочувствовать	2
презирать	3
выделяться	2
развязывать	3
достаться	2
складывать	3
послышаться	1
сознаться	2
топить	3
ласкать	3
рисковать	3
перемещаться	1
складываться	2
обострять	1
поместить	2
приобретать	4
уносить	3
прерывать	3
выразить	4
охотиться	3
пачкать	2
рождаться	2
предпочитать	3
страдать	3
вылечиться	2
отклонять	1
разводить	3
уложить	3
подготавливать	4
прилетать	3
полить	3
снабжать	2
жертвовать	3
предпринимать	2
отрывать	4
помириться	3
считаться	3
разоблачать	3
весить	3
глотать	3
оборачиваться	2
преподавать	4
сметь	2
оправдываться	2
тушить	4
кипятить	3
дождаться	4
помещаться	1
солгать	2
включать	4
вычитать	2
содержать	3
преобладать	1
докладывать	4
отомстить	1
прикреплять	4
погрузиться	2
экономить	3
сложиться	2
протягивать	2
претендовать	3
стесняться	3
устанавливать	2
худеть	3
угрожать	4
исполняться	3
переделывать	2
назвать	4
понадобиться	2
отрицать	3
раздеть	3
темнеть	3
продолжить	3
вздрагивать	2
выносить	5
привозить	4
присоединяться	2
подвергаться	2
сокращать	2
выращивать	5
нагружать	2
остывать	2
разоружать	3
увидеться	2
возмущаться	2
обдумывать	2
перевозить	3
поражать	4
предполагать	1
намечать	3
вооружить	3
обрадоваться	3
играть	5
перевязывать	3
увозить	1
бледнеть	2
подготавливаться	4
прибивать	1
превосходить	3
погружать	2
положиться	3
задерживаться	3
захотеться	1
избегать	3
пересекаться	1
кивать	3
повлиять	2
выясняться	2
разрывать	2
обвинять	4
выделять	2
ронять	3
похоронить	3
солить	3
рассматривать	4
доставлять	4
обучать	3
уточнять	3
утомлять	1
призвать	4
следовать	4
вспыхивать	2
внедрять	2
отмечать	4
разрабатывать	3
ускорять	2
выгружать	1
раздражать	4
застёгивать	3
разобрать	3
вскочить	3
сложить	3
выдерживать	4
пугать	4
покидать	2
грузить	3
понижать	2
завещать	3
подобрать	4
распилить	1
посеять	3
привезти	4
передвигать	2
выкопать	3
совершиться	1
запускать	3
лишаться	3
наклонять	2
вывезти	2
оперировать	3
излагать	3
взвешивать	3
вскакивать	3
настать	1
потемнеть	2
похудеть	2
опрокидываться	1
перебивать	2
походить	2
смешивать	1
атаковать	3
потребоваться	2
вести	5
видеться	3
завершать	2
замедлять	3
поручать	4
намереваться	2
расти	3
сражаться	4
унести	4
вручать	5
произносить	5
вырыть	2
мучить	2
присниться	2
взрывать	3
долетать	1
растеряться	2
записаться	4
подозревать	2
загорать	3
разбираться	3
стыдиться	2
стемнеть	1
протестовать	3
удивлять	3
запачкать	2
наставать	1
питаться	3
внушать	2
встревожить	2
вынести	4
усталость	1
кусать	3
взлетать	2
подвергать	2
ввозить	2
национализировать	2
хромать	2
набрать	4
распределять	5
пренебрегать	3
задохнуться	2
настоять	3
выучиться	2
испугать	4
мять	1
обходиться	1
задерживать	4
напоить	3
вращаться	1
разгружать	2
потребовать	3
согнуться	1
укусить	1
обобщать	2
увлекаться	4
выглядеть	2
выразиться	2
привязывать	4
произношение	1
сознаваться	2
примерить	3
найти	3
качаться	3
вооружать	3
укладывать	3
предвидеть	3
обменивать	3
смяться	1
смочь	3
снижаться	2
израсходовать	2
заговорить	2
умножать	3
заняться	4
прошептать	2
воевать	4
поместиться	1
сдаваться	3
возмущать	2
уснуть	3
соответствовать	3
оторвать	4
ограничивать	3
поручить	4
присваивать	3
настаивать	3
выкрасить	2
причесать	2
проникать	3
увести	2
вытаскивать	3
отделить	3
помешать	3
тянуться	3
раскалывать	1
оторваться	4
приняться	3
менять	5
развести	3
ползти	2
покрывать	4
поить	3
трудящийся	1
улетать	3
преувеличивать	2
заинтересовать	3
обогащать	3
тащить	3
воображать	2
слышаться	2
справиться	4
пересекать	1
возобновлять	1
рассуждать	3
повернуть	4
перевёртывать	2
чертить	3
терпеть	3
попытаться	3
прилагать	1
перемещать	1
ночевать	3
забивать	4
увязать	1
оформить	3
сердить	2
включиться	1
опередить	2
разделяться	1
приговорить	2
отдаться	2
высадить	1
преградить	1
привлечь	3
изумить	2
подчинить	2
восставать	2
враждовать	1
поразиться	2
привить	1
приспособлять	1
наносить	2
приготавливаться	2
разъяснить	2
рассказать	3
акцентировать	2
отчитаться	2
основаться	1
довозить	1
конспектировать	2
обматываться	1
испытать	3
избежать	2
приспосабливаться	2
сосредоточить	2
утешить	2
отделяться	2
возглавить	3
обобщить	1
поддаться	2
вывесить	1
приговаривать	2
формировать	2
свернуть	3
отдаваться	2
истребить	1
отражаться	2
вырастать	2
возобновить	1
поправить	3
рекомендовать	2
репетировать	2
привлекать	3
наладить	2
отзываться	3
улучить	1
придержаться	1
основываться	1
благодарность	1
сожалеть	3
организовывать	3
приводняться	1
аккомпанировать	1
включить	3
ознакомляться	1
поддаваться	2
закреплять	1
подвергнуть	1
приучить	2
обосновать	1
отвести	3
придавать	1
приготавливать	3
прослушать	1
уличать	1
ознакомиться	2
вручить	3
ограничиться	2
знакомить	3
ссылаться	2
сравниться	2
предостерегать	1
отстаивать	1
клеветать	1
расписаться	1
навязать	2
раздражиться	1
консультироваться	1
обречь	1
оформиться	2
возмутить	2
премировать	2
возместить	2
расспросить	1
оповестить	1
забить	3
оборониться	1
учесть	2
присуждать	1
зачислить	1
вовлечь	2
выслушивать	2
сотрудничать	3
разделять	2
заинтересовываться	2
присматривать	1
покрыться	1
наметить	2
вырастить	3
разработать	2
утешать	2
донести	2
обрушить	1
оплачивать	2
ознакомлять	1
обрушиваться	2
лишиться	2
выплыть	1
отстоять	1
запирать	3
разложить	1
навязывать	2
доставить	3
обследовать	2
применить	2
приподнимать	1
укрепляться	2
распределить	3
прививать	1
раскладывать	1
наматывать	1
устранить	3
подводить	2
заполнить	3
подавлять	1
допросить	2
извлечь	1
издеваться	2
употребляться	2
заступиться	3
закрепить	1
обороняться	2
отводить	3
запросить	1
вывешивать	1
обматывать	1
разворачивать	1
защититься	2
ополчиться	1
прислушиваться	2
объясниться	2
сразиться	2
защищаться	2
экспортировать	3
грозить	2
заслушать	1
примыкать	1
ручаться	2
развернуть	3
задумать	2
сосредоточиться	2
вникнуть	2
согласовать	2
выяснить	3
приземлиться	3
внушить	2
извлекать	1
заверить	2
полемизировать	2
общаться	2
отчислить	2
обучить	2
приучать	2
усвоить	3
превзойти	1
восстать	2
пренебречь	2
меняться	3
отвлекаться	2
отвлечь	2
иллюстрировать	2
ограничить	2
отразить	3
тосковать	3
злоупотребить	2
подготовлять	1
злорадствовать	1
примерять	1
рассмотреть	3
присвоить	2
возмутиться	2
укрывать	1
обмениваться	3
предсказать	2
отменить	2
оправдаться	2
вооружиться	2
опираться	2
оборонять	2
заразить	2
покорять	2
дополнить	3
выплывать	1
обработать	2
превысить	2
переделать	1
расписывать	1
обвинить	2
разоружить	2
изгнать	1
приводниться	1
преобразовать	1
чествовать	2
обезоруживать	2
отказать	2
раздражить	2
запомниться	2
уделять	2
обмотать	1
предоставить	2
распространить	1
покрываться	1
подвести	2
множить	1
предъявлять	2
укрываться	1
нацеливать	1
отзывать	2
увлечься	3
госпитализировать	2
списать	3
вовлечься	1
регулировать	2
злиться	2
извращать	1
гарантировать	2
добираться	2
разрушить	2
возглавлять	3
вбежать	1
известить	2
подлаживаться	1
обезоружить	2
укрепиться	2
хлопотать	2
отделиться	2
одобрить	2
упрекнуть	2
разменивать	2
согласоваться	1
подлежать	1
прервать	2
приобрести	3
изумлять	2
высаживать	1
оформляться	2
сверять	1
аттестовать	2
предостеречь	1
отличить	2
уклониться	1
дрйжить	1
уточнить	2
передвинуть	1
допускать	3
затронуть	1
прислушаться	2
равняться	2
довезти	1
подготовляться	1
обрушиться	1
уличить	1
расстаться	3
лишить	2
запереть	2
опубликовывать	1
продлить	2
подавить	1
закусить	1
пережить	2
запутать	1
провозгласить	1
одолжить	4
расписать	1
цитировать	1
заражать	2
подписаться	3
возбудить	2
удовлетворить	2
вставить	4
покрыть	3
причинить	1
консультировать	2
внедрить	2
выплачивать	1
просмотреть	1
приготовлять	1
покорить	2
сверяться	1
изолировать	2
предпочесть	2
угождать	1
преграждать	1
заразиться	2
запоминаться	2
отстранять	2
увязывать	1
ограничиваться	2
отчитываться	2
сосредоточивать	2
задержать	3
мобилизовать	2
отвлечься	2
заверять	2
курсировать	2
капитулировать	2
прослушивать	1
запутывать	1
обмотаться	1
укрыть	1
перестроить	1
раздражаться	1
оповещать	1
разочаровываться	1
пропагандировать	2
ужаснуться	1
упомянуть	2
расправиться	1
присудить	1
устранять	2
концентрировать	2
приступать	2
отстранить	2
обрекать	1
вдохновить	3
запрашивать	1
воздержаться	2
заинтересовывать	2
приготовляться	1
давить	3
электрифицировать	2
обогатиться	2
подладиться	1
приспособить	2
утвердить	3
облегчить	2
уступить	3
выслушать	2
намекать	2
ужасаться	1
вредить	3
обосновывать	1
приступить	2
дорожить	2
запутываться	1
отозвать	2
клясться	2
приземляться	2
списывать	4
мазать	3
уделить	1
отвлекать	2
разменять	2
приспосабливать	2
предъявить	2
освоиться	1
угодить	1
выпросить	1
придать	1
ругаться	2
запираться	1
устоять	1
сторониться	1
предсказывать	2
изгонять	1
опуститься	2
удостоить	1
оборудовать	3
задержаться	2
восторгаться	2
негодовать	2
нанести	2
возложить	2
избрать	2
поражаться	2
сравниваться	2
превышать	2
отозваться	3
заболевать	2
откликаться	1
разочароваться	1
примеривать	2
изумляться	2
оборонить	1
обогащаться	2
просматривать	1
извещать	2
повысить	3
затратить	1
намотать	1
свериться	1
откликнуться	1
уступать	3
расправляться	1
воздействовать	1
охранить	2
подвергнуться	1
экзаменовать	3
указать	3
свёртывать	2
допустить	3
командировать	2
учитывать	3
опереться	2
доверяться	2
руководствоваться	1
заслушивать	1
адресовать	2
придерживаться	1
разъяснять	2
запутаться	1
извратить	1
заступаться	3
обогатить	2
приспособиться	2
злоупотреблять	2
регистрировать	2
править	3
шептаться	1
произнести	3
перестраивать	1
реагировать	2
выплатить	1
задумывать	2
ознакомить	1
опережать	2
осудить	2
отразиться	2
примиряться	1
замедлить	2
примкнуть	1
приподнять	1
сдаться	2
ополчаться	1
продлевать	2
доносить	2
образовывать	2
осваиваться	1
разоблачить	2
двигать	3
описать	3
ворочать	1
обменять	2
специализироваться	1
выдержать	3
добраться	2
дирижировать	2
нацелить	1
разгрузить	1
исходить	2
обнаружить	1
предоставлять	2
обрушивать	1
заражаться	2
присмотреть	1
укрыться	1
мирить	2
согласовывать	2
уважение	1
запереться	1
диктовать	2
затрачивать	1
закусывать	1
довериться	2
улучать	1
отчислять	2
прибавить	3
изумиться	2
сослаться	2
выпрашивать	1
обдумать	2
сосредоточиваться	2
удостаивать	1
приспособляться	1
зачислять	1
сверить	1
болтать	2
информировать	2
ужалить	1
обставлять	1
обрывать	1
зубрить	1
льстить	2
забрать	2
пристёгиваться	1
доить	2
расстилаться	1
пожаловать	2
лаять	3
побеспокоить	2
отвёртывать	1
полоскать	1
практиковаться	2
торговаться	2
удлинять	2
осознавать	1
расследовать	1
перекусить	1
молиться	1
истощать	1
хвастаться	2
арестовывать	3
разочаровать	1
есь	1
поживать	2
импортировать	2
разводиться	2
поменяться	3
контактировать	1
усовершенствоваться	1
переодеть	2
споткнуться	1
смущать	2
упаковывать	1
заворачивать	1
подсказывать	2
поторопиться	2
позволить	2
поражение	1
познакомить	2
переодеться	2
барабанить	2
поправиться	2
отбирать	2
брести	2
грести	2
заряжать	2
повёртывать	1
приглашение	1
выкапывать	2
закрыться	2
достичь	2
закрываться	2
выпасть	2
задеть	2
ткать	2
огорчить	2
клеить	1
подсказать	2
прикрепить	2
залезть	2
пробраться	2
отвозить	2
сиять	2
качать	2
строиться	2
установить	2
высохнуть	2
проникнуть	2
отвёртываться	1
сыпать	2
пробираться	2
намазывать	2
жлить	1
отвыкнуть	2
отвыкать	2
сбрасывать	2
дописать	2
побриться	1
присесть	2
изложить	2
хлопать	2
вскипеть	2
грызть	2
выручать	2
перевернуть	2
пришить	2
улететь	2
прибежать	2
раскрыть	2
вдохновлять	2
отвезти	2
расстёгивать	1
переодеваться	2
огромный	1
повёртываться	1
раскрасить	2
скакать	1
избираться	1
ввести	2
ползать	2
залезать	2
отгадать	2
намазать	2
провезти	2
вычистить	2
обозначить	2
чернеть	2
сеять	2
запеть	2
вытираться	1
вянуть	2
расстегнуть	1
вязать	2
кружиться	2
прилететь	2
понюхать	2
сорить	2
застегнуть	2
побежать	1
молотить	2
спустить	2
производиться	1
пасти	1
запасать	2
вздрогнуть	2
греться	2
созреть	2
желтеть	2
попасть	2
вылететь	2
раскрашивать	1
заявление	1
убежать	2
здравствовать	2
вытереться	2
промокать	2
толкнуть	2
последовать	2
тренироваться	1
отобрать	2
заметка	1
выбежать	2
дразнить	1
кусаться	2
разбежаться	2
изменение	1
нырять	2
искупаться	1
вылетать	2
нюхать	2
нырнуть	2
запасти	2
значение	1
свистеть	2
зарядить	2
пожелтеть	2
дописывать	2
потерпеть	2
развязать	2
насорить	2
загадывать	2
напугать	1
поменять	2
двинуть	2
разбегаться	2
полоть	2
обуваться	2
метать	2
переночевать	1
построиться	2
провозить	2
перевязать	2
завянуть	2
срывать	2
вскипятить	2
лениться	2
вить	2
лепить	2
заглядывать	2
привязать	2
сохнуть	2
побывать	2
покрасить	2
вырезать	2
угадать	2
промокнуть	2
рождение	1
выскакивать	2
сорвать	2
запустить	2
вылепить	2
заплетать	1
таскать	2
косить	2
замечание	1
сжимать	2
произноситься	1
зеленеть	2
говориться	2
свешать	1
выручить	2
пробежать	2
нагнуться	2
выпадать	2
вылезать	2
вышить	2
зачеркнуть	2
вертеться	2
проваливаться	2
мяукать	1
вылезти	2
катиться	2
скосить	2
расколоть	2
сбросить	2
заглянуть	2
пересказывать	2
умножить	2
выскочить	2
одержать	2
вышивать	2
исполниться	2
свить	2
заключение	1
пересказать	2
катать	2
высыхать	2
задевать	2
провалиться	2
сжать	2
заплести	1
переедешь	1
хлопнуть	1
обнаруживаться	1
раскраснеться	1
схватываться	1
помиловать	1
задушиться	1
посовещаться	1
спутаться	1
обертиваться	1
скомплектовать	1
веселить	1
сдувать	1
смутить	1
срываться	1
путать	1
толкаться	1
постыдить	1
зарекаться	1
отвертеться	1
затормозить	1
составляться	1
баловать	1
надумать	1
порекомендовать	1
подстрекать	1
причесываться	1
укладываться	1
поночевать	1
погасать	1
перечитывать	1
алкать	1
главенствовать	1
позаимствовать	1
переселить	1
адаптировать	1
стрельнуть	1
проити	1
печалить	1
растворить	1
горячится	1
специализировать	1
варьировать	1
скорбеть	1
повествовать	1
вешаться	1
ориентироваться	1
провентилировать	1
помирить	1
закрычать	1
развязаться	1
бормотать	1
похвастаться	1
взвесить	1
компенсировать	1
застилать	1
выити	1
купать	1
заподозрить	1
увянуть	1
пестовать	1
подхватить	1
мешаться	1
теоретизировать	1
пояснить	1
навязываться	1
нищенствовать	1
аккумулировать	1
расстроиться	1
разведать	1
сказаться	1
допытываться	1
иметься	1
раздавать	1
замутить	1
поинтересоваться	1
понервничать	1
натренировать	1
перечитать	1
стабилизировать	1
возводить	1
обуть	1
потратить	1
застраховывать	1
скоординировать	1
восхищать	1
провоцировать	1
предпологать	1
почернеть	1
совещаться	1
пополнеть	1
воздвигать	1
освежиться	1
раскрываться	1
наличествовать	1
автоматизировать	1
приватизировать	1
покатить	1
гипнотизировать	1
конвертировать	1
базироваться	1
шевелить	1
удовлетворяться	1
пролепетать	1
наклеить	1
обесчестить	1
нажраться	1
упражнять	1
погнать	1
ослабеть	1
проанализировать	1
застраховываться	1
прокомментировать	1
отучиваться	1
вмещать	1
избавиться	1
отваживаться	1
зарезать	1
увлечь	1
переодевать	1
сводить	1
обслужить	1
сымитировать	1
выявляться	1
инспектировать	1
убиться	1
досыпать	1
мучиться	1
вдуматься	1
доминировать	1
заштамповать	1
электризовать	1
интонировать	1
выказывать	1
подогреться	1
ужасать	1
замучить	1
абсорбироваться	1
склеиваться	1
фаршировать	1
выткать	1
похлопотать	1
маршировать	1
полежать	1
постричь	1
сламивать	1
протрезветь	1
населить	1
отыскивать	1
растянуть	1
заспорить	1
выведывать	1
сбавить	1
обязываться	1
отредактировать	1
драться	1
подогревать	1
трогаться	1
созывать	1
влиться	1
явствовать	1
нервировать	1
воодушевлять	1
возлагать	1
завербовать	1
сбиваться	1
отоспаться	1
развестись	1
путаться	1
захлебываться	1
снести	1
представиться	1
забраться	1
снизиться	1
вбить	1
иммигрировать	1
шокировать	1
сбывать	1
прижать	1
отвертываться	1
сговариваться	1
нажираться	1
прооперировать	1
забеспокоиться	1
аннулировать	1
прерываться	1
проследить	1
посчитать	1
сдуть	1
угасать	1
подбрасывать	1
влетать	1
разрешаться	1
сгруппировать	1
разоружаться	1
обнищать	1
усадить	1
обретать	1
приучиться	1
подышать	1
мотивировать	1
развертывать	1
взваливать	1
поторопить	1
пострадать	1
поприветствовать	1
дебатировать	1
дознаться	1
развеселиться	1
пригождаться	1
нагреться	1
начертивать	1
навести	1
спарить	1
комментировать	1
вдохнуть	1
запрограммировать	1
экипировать	1
манкировать	1
рационализировать	1
свестись	1
припомнить	1
вылиться	1
дисквалифицировать	1
отважиться	1
инкассировать	1
абстрагировать	1
пролетать	1
бастовать	1
каталогизировать	1
вдеть	1
раздумывать	1
идентифицировать	1
удержаться	1
высчитывать	1
числиться	1
высказывать	1
спровоцировать	1
депонировать	1
изводить	1
выкинуть	1
клониться	1
разореваться	1
взлохмачивать	1
влить	1
подеиствовать	1
смеркнуться	1
скользнуть	1
цениться	1
лопать	1
маневрировать	1
отвергать	1
забронировать	1
обеднет	1
брызгать	1
задушить	1
протежировать	1
посветиться	1
поджаривать	1
надоумить	1
проговариваться	1
испаряться	1
сломить	1
заплевать	1
скомпрометировать	1
перевертывать	1
описаться	1
окупит	1
лелеять	1
выбрасивать	1
наточить	1
шепнуть	1
сконцентрировать	1
навредить	1
приложиться	1
баламутить	1
щелкнуть	1
удовлетвориться	1
дотронуться	1
превзоити	1
проповедовать	1
распорядиться	1
загипнотизировать	1
вытекать	1
утаскивать	1
копировать	1
вдаться	1
нагнуть	1
осмотреться	1
потолстеть	1
удовольствоваться	1
отчитать	1
зажариться	1
наити	1
маркировать	1
поправлятьсяся	1
зазвенеть	1
оговориться	1
щадить	1
выучивать	1
беднет	1
свертивать	1
засыпаться	1
застегивать	1
опротестовать	1
промачивать	1
пьянеть	1
подбросить	1
женить	1
толстеть	1
стлать	1
сколотить	1
молоть	1
чудиться	1
продиктовать	1
растворяться	1
манипулировать	1
размешать	1
застесняться	1
ассимилировать	1
водиться	1
ппиземляться	1
рваться	1
раздумать	1
уговорить	1
мутить	1
засвидетельствовать	1
рыдать	1
изловчаться	1
бодрствовать	1
философствовать	1
взбить	1
воодушевиться	1
прижаться	1
настраиваться	1
соити	1
смазать	1
сберегать	1
побрить	1
дублировать	1
закружить	1
подкрепить	1
воодушевить	1
замочиться	1
горевать	1
разучиваться	1
комплектовать	1
подкрепиться	1
утвердиться	1
прорецензировать	1
рекомендоваться	1
дискриминировать	1
уверить	1
модифицировать	1
удостоверяться	1
пустовать	1
стерилизовать	1
выбрить	1
отсыпаться	1
совать	1
украситься	1
избавлять	1
развеселить	1
ся	1
воспретить	1
зашуметь	1
исцелить	1
сфабриковать	1
торчать	1
подоить	1
драть	1
свариться	1
скалькулировать	1
подкреплять	1
возгордиться	1
предписывать	1
продаваться	1
погавснуть	1
чернить	1
совершенствовать	1
натянуть	1
забираться	1
потянуться	1
печься	1
похваливать	1
испариться	1
запорошить	1
вдевать	1
прочесть	1
мести	1
зажить	1
родить	1
перебить	1
симпатизировать	1
смекать	1
толковать	1
мелькать	1
эвакуировать	1
оберечь	1
прикорашиваться	1
укорачивать	1
загрузиться	1
скомбинировать	1
исправиться	1
декорировать	1
сочленять	1
набивать	1
нагадать	1
проживать	1
уберечься	1
абстрагироваться	1
додумываться	1
бронзировать	1
увядать	1
налетать	1
богатеть	1
балансировать	1
подчеркивать	1
склоняться	1
милитаризовать	1
надувать	1
храниться	1
наниматься	1
поберечь	1
заступить	1
легализировать	1
выдрессировать	1
позировать	1
отчитывать	1
вычислить	1
очищать	1
буксировать	1
подслушать	1
насчитываться	1
аккредитовать	1
загрузить	1
мигнуть	1
молодеть	1
растягиваться	1
дистиллировать	1
подраться	1
лгать	1
продекламировать	1
ассигновать	1
сбываться	1
лепетать	1
предвкушать	1
агитировать	1
предпринять	1
сжигать	1
выказать	1
обновиться	1
вечереть	1
потопить	1
сагитировать	1
зафиксировать	1
напиваться	1
размешивать	1
уведомить	1
заикаться	1
расцвести	1
исчерпывать	1
оспорить	1
смиряться	1
помечтать	1
вертеть	1
ввязаться	1
подучать	1
конкурировать	1
укоротить	1
причислять	1
инвестировать	1
довольствоваться	1
разувать	1
выживать	1
вживаться	1
сориентироваться	1
прозвучать	1
расчленить	1
грипповать	1
уродовать	1
вытираиться	1
свирепствовать	1
морозить	1
разоитись	1
надлежать	1
взоити	1
заикнуться	1
оцениться	1
цепляться	1
забавляться	1
податься	1
осознать	1
затоплять	1
оговариваться	1
заасфальтировать	1
эскортировать	1
тронуться	1
содеиствовать	1
взлелеять	1
очиститься	1
настораживаться	1
понестись	1
инструктировать	1
прославиться	1
взбежать	1
взбегать	1
закатать	1
повечереть	1
модернизировать	1
браковать	1
оседать	1
стучаться	1
инфицировать	1
повлечь	1
воити	1
отбыть	1
отбывать	1
развертываться	1
сослать	1
завязываться	1
покинуть	1
спаривать	1
поимать	1
выделиться	1
склеиться	1
зреть	1
уразумевать	1
безобразить	1
раздать	1
представляться	1
замариновать	1
полениться	1
занести	1
разрезывать	1
посидеть	1
соображать	1
вкусить	1
бунтовать	1
исцелять	1
взбеситься	1
выбранить	1
забирать	1
прибавиться	1
перевестись	1
вливаться	1
заглатывать	1
совмещать	1
побороться	1
постлать	1
кивнуть	1
высчитать	1
придираться	1
выратать	1
жаждать	1
порваться	1
длиться	1
винить	1
запломбировать	1
душить	1
отыскаться	1
стесниться	1
индустриализировать	1
ую	1
парировать	1
вступиться	1
истечь	1
отикидываться	1
нажимать	1
изымать	1
забавлять	1
попивать	1
выселиться	1
выть	1
жиреть	1
утащить	1
позабавиться	1
улаживать	1
перебиваться	1
брезжить	1
произоити	1
побояться	1
выдвинуть	1
рассортировать	1
пристраститься	1
вычиститься	1
расстраиваться	1
подтверждаться	1
ассоциироваться	1
порекомендоваться	1
проглатывать	1
русифицировать	1
потрясти	1
реабилитировать	1
гнуть	1
штамповать	1
пояснять	1
диагностировать	1
экспериментировать	1
инсценировать	1
поблекнуть	1
творить	1
стилизовать	1
откинуть	1
окупаться	1
разжиреть	1
монтировать	1
реветь	1
приити	1
наливаться	1
наитись	1
вкушать	1
выпекать	1
авансировать	1
проявляться	1
осведомиться	1
ассимилироваться	1
изоити	1
обертивать	1
храпеть	1
восстановлять	1
омывать	1
удерживать	1
сравнять	1
намечаться	1
вдавливать	1
повезти	1
клевать	1
свидетельствовать	1
наладиться	1
замочить	1
умножиться	1
ангажировать	1
скандализировать	1
допытаться	1
привязываться	1
свиться	1
прогонять	1
проэкзаменовать	1
порошить	1
продвигаться	1
стенографировать	1
заклеить	1
намекнуть	1
выявить	1
неистовствовать	1
зажарить	1
провиниться	1
поползти	1
разгадать	1
умудряться	1
подмывать	1
вооружаться	1
остерегаться	1
умолять	1
померещится	1
слабеть	1
игнорировать	1
прокормить	1
хохотать	1
упрашивать	1
вложить	1
затрамбовать	1
ухитриться	1
населять	1
жестикулировать	1
уити	1
классифицировать	1
вздумать	1
забросить	1
упразднить	1
фотографироваться	1
приставать	1
обнаружиться	1
уладить	1
поручится	1
маскировать	1
совместить	1
поджариться	1
уложиться	1
выбраниться	1
застенографировать	1
моторизовать	1
чесаться	1
проинструктировать	1
понизиться	1
переставлять	1
взорваться	1
выписаться	1
бичевать	1
освежаться	1
поискать	1
скопировать	1
перепутаться	1
документировать	1
фильтровать	1
побаиваться	1
обязаться	1
ломить	1
разыскать	1
завербоваться	1
приитись	1
гонять	1
профанировать	1
потреблять	1
поработить	1
сносить	1
вжиться	1
парить	1
чесать	1
посмотреться	1
сетовать	1
противодеиствовать	1
сниматься	1
замерзнуть	1
выдуть	1
сбить	1
нестись	1
преуменьшить	1
предположить	1
прозвенеть	1
протянуть	1
сочленить	1
сблокироваться	1
притворяться	1
скомандовать	1
карабкаться	1
высушивать	1
снижать	1
даваться	1
исповедоваться	1
сброситься	1
солидаризироваться	1
рапортовать	1
вкладывать	1
покашлять	1
уведомлять	1
насладиться	1
возмещать	1
отреставрировать	1
постанослять	1
свести	1
выливаться	1
поризать	1
декламировать	1
затихнуть	1
воздерживаться	1
научаться	1
буксовать	1
стареть	1
ворчать	1
отучить	1
побрести	1
проспать	1
заносить	1
лизать	1
ныть	1
переставить	1
смонтировать	1
уяснить	1
иронизировать	1
поженить	1
выселить	1
разуть	1
ославевать	1
испечься	1
волочить	1
абонироваться	1
удосуживаться	1
полнеть	1
оборачивать	1
отыскать	1
полюбопытствовать	1
переселиться	1
артикулировать	1
перелезть	1
смекнуть	1
активизироваться	1
усаживать	1
обоити	1
замешивать	1
торжествовать	1
бранить	1
пересохнуть	1
сориентировать	1
удосужиться	1
воздеиствовать	1
порабощать	1
вдаваться	1
переработать	1
подключаться	1
обернуть	1
усомниться	1
выкидивать	1
вытираить	1
подсчитывать	1
растериваться	1
коллекционировать	1
поспеть	1
пощупать	1
стажироваться	1
продиктоваться	1
развалить	1
выясниться	1
настроиться	1
повредить	1
распознать	1
дисциплинировать	1
сократить	1
доити	1
прозевать	1
схватывать	1
фантазировать	1
огорчиться	1
профильтровать	1
присоединиться	1
подхвативать	1
сочинить	1
буравить	1
потерпеться	1
повиснуть	1
форматировать	1
погнаться	1
предугадывать	1
сообразить	1
судиться	1
увлекать	1
сосчитаться	1
внимать	1
умножаться	1
поедать	1
подъежать	1
снабдить	1
придраться	1
клюнуть	1
вскарабкаться	1
колотиться	1
попасться	1
дефилировать	1
осесть	1
помрачнеть	1
скупать	1
покормить	1
наваксить	1
ориентировать	1
избаловывать	1
экспроприировать	1
помонить	1
дегустировать	1
рассчитать	1
обмануться	1
лопаться	1
синхронизировать	1
отчаиваться	1
компоновать	1
налететь	1
нарядить	1
закатывать	1
затухнуть	1
светиться	1
насчитать	1
поколебать	1
славиться	1
пересаживаться	1
возродить	1
выпивать	1
замуж	1
реализовать	1
застлать	1
срубить	1
заколоть	1
использоваться	1
разослиться	1
кредитовать	1
жариться	1
посеребриться	1
благословлять	1
медлить	1
деформироваться	1
поранить	1
усовершенствовать	1
отвергнуть	1
повыситься	1
вовлекать	1
растить	1
утаить	1
выкрашивать	1
кутать	1
перерабатывать	1
врызнуит	1
нищать	1
напиться	1
белить	1
лавировать	1
помыться	1
наклеивать	1
поджариваться	1
развлечь	1
оберегать	1
формулировать	1
корректировать	1
бередить	1
баллотироваться	1
разрушаться	1
механизировать	1
реставрировать	1
связаться	1
соблюсти	1
раскаяться	1
фиксировать	1
смириться	1
тереться	1
транслировать	1
прикинуть	1
предугадать	1
осмеливаться	1
зевать	1
отсоветовать	1
предчувствовать	1
сэкономить	1
прочитывать	1
пульсировать	1
сфотографироваться	1
склеиьться	1
причислить	1
блекнуть	1
заботить	1
осложнять	1
вырывать	1
отвернуть	1
застраховать	1
полинять	1
заручаться	1
повисеть	1
побунтовать	1
стереться	1
поласкать	1
лимитировать	1
подразумеваться	1
передаться	1
оценить	1
завершиться	1
реконструировать	1
дрогнуть	1
остеречься	1
пронумеровать	1
торопить	1
озябнуть	1
стираться	1
выругать	1
сопутствовать	1
уяснять	1
внять	1
выдаваться	1
вынудить	1
дозировать	1
ужаснуть	1
муровать	1
лидировать	1
трезветь	1
комбинировать	1
твориться	1
дунуть	1
пожить	1
надуваться	1
вбивать	1
подобать	1
кланяться	1
возрастать	1
пожениться	1
высыпаться	1
потухнуть	1
поплыть	1
проверяться	1
наняться	1
заити	1
созидать	1
скорректировать	1
вырвать	1
должен	1
раскаиваться	1
снизить	1
вколотить	1
трамбовать	1
нанять	1
бушевать	1
гнаться	1
очищаться	1
проговориться	1
рискнуть	1
наставлять	1
политься	1
вступаться	1
переселять	1
покоробить	1
вынуждать	1
кидуть	1
протянуться	1
расцветать	1
заглотать	1
перечислять	1
аргументировать	1
воодушевляться	1
развернуться	1
накапать	1
типизировать	1
реформировать	1
посетовать	1
революционизировать	1
осмыслить	1
дружиться	1
переключать	1
продублировать	1
договорить	1
мазаться	1
стартовать	1
постановить	1
благоприятствовать	1
связываться	1
мрачнеть	1
смешаться	1
подкрепляться	1
окупать	1
пригрозить	1
беситься	1
вознаграждать	1
татуировать	1
разглядеть	1
изловчиться	1
наполниться	1
прослеживать	1
ввинчивать	1
лопнуть	1
клонить	1
побуждать	1
перееду	1
отвертывать	1
вваливаться	1
душиться	1
аннотировать	1
шевельнуть	1
обновляться	1
пососать	1
разучиться	1
передумать	1
вколачивать	1
шатать	1
рассмешить	1
ощущать	1
смазывать	1
сберечь	1
взрыться	1
нумеровать	1
заволочь	1
возрасти	1
брехать	1
напутствовать	1
окутываться	1
высказать	1
убавлять	1
выслеживать	1
осведомляться	1
вибрировать	1
разваливаться	1
попадаться	1
убиваться	1
приукрашивать	1
сбиться	1
постригать	1
способствовать	1
смалывать	1
означить	1
удостовериться	1
взволноваться	1
застрять	1
высказаться	1
заклинать	1
каяться	1
компостировать	1
прибавляться	1
заступать	1
переключить	1
вызваться	1
помутиться	1
помолчать	1
позеленеть	1
почудиться	1
спекулировать	1
силиться	1
раствориться	1
дискредитировать	1
полнить	1
консервировать	1
катить	1
загадать	1
стандартизировать	1
подсчитать	1
страховаться	1
рассердить	1
крепиться	1
продвинуться	1
разореться	1
понести	1
избавить	1
смешать	1
понадеяться	1
закутать	1
разваливать	1
любопытствовать	1
прогуливать	1
насторожиться	1
вызываться	1
регламентировать	1
завершаться	1
запахнуть	1
разъясниться	1
подстрекнуть	1
военизироваться	1
закупать	1
подогреть	1
сблокировать	1
сжиматься	1
покатиться	1
отчаяться	1
изуродовать	1
администрировать	1
сбыть	1
посветить	1
координировать	1
деиствовать	1
расшириться	1
охарактеризовать	1
шатнуться	1
притвориться	1
сформировать	1
провалить	1
выругаться	1
подорожать	1
бренчать	1
квалифицировать	1
проаннотировать	1
серебрить	1
замалчивать	1
обдумивать	1
гадать	1
выведать	1
неитрализовать	1
натягивать	1
интегрировать	1
вычислять	1
взрыть	1
удалить	1
спутать	1
блокироваться	1
разрываться	1
затевать	1
коробить	1
конденсировать	1
приучаться	1
подслушивать	1
услышаться	1
потащить	1
заподозривать	1
выжить	1
заговариваться	1
зашифровать	1
лазить	1
подержаться	1
ликовать	1
вербоваться	1
погубить	1
прогулять	1
топтаться	1
дезинфицировать	1
завизировать	1
перебиться	1
поучать	1
разъясняться	1
лазать	1
поспать	1
разгадывать	1
апеллировать	1
угораздить	1
прикладывать	1
проинформировать	1
сводиться	1
безумствовать	1
недостовать	1
постареть	1
исповедовать	1
остыть	1
наметиться	1
изобиловать	1
посветлеть	1
крепить	1
благословить	1
расплачиваться	1
отреагировать	1
тренировать	1
отштамповать	1
затруднить	1
осознаваить	1
недоумевать	1
ввязываться	1
польстить	1
забраковать	1
переубедить	1
кичиться	1
военизировать	1
упразднять	1
осмелиться	1
набиться	1
выдумать	1
злить	1
растянуться	1
насчитывать	1
застревать	1
вытрясти	1
удлинить	1
выселять	1
побелить	1
постыдиться	1
сняться	1
научать	1
стимулировать	1
наслушаться	1
прижимать	1
реорганизовать	1
веселиться	1
посчитаться	1
ускорить	1
детализировать	1
подержать	1
заговориться	1
датировать	1
сощуриться	1
дифференцировать	1
фасовать	1
проявиться	1
размещаться	1
рекламировать	1
гудеть	1
потрудиться	1
разглядывать	1
гостить	1
попроситься	1
запасть	1
метнуть	1
пересадить	1
отбрасывать	1
замаскировать	1
агонизировать	1
застелить	1
компрометировать	1
фабриковать	1
мутиться	1
наполняться	1
выдвигать	1
помазать	1
отбросить	1
взвалить	1
точить	1
избаловаться	1
позабавить	1
ретушировать	1
побиться	1
расстроится	1
жрать	1
загримировать	1
меблировать	1
выпачкать	1
установиться	1
мигрировать	1
расчесывать	1
возрождаться	1
заметать	1
выписываться	1
отговаривать	1
измучиться	1
суживаться	1
прерваться	1
хвататься	1
шифровать	1
расширять	1
бурчать	1
стыдить	1
нанимать	1
надуть	1
шататься	1
продаться	1
восхитить	1
утопить	1
нажать	1
баловаться	1
холодать	1
возненавидеть	1
выявиться	1
выдаться	1
высушиться	1
вымывать	1
разыскивать	1
вариться	1
ваксить	1
налиться	1
посчастливиться	1
визировать	1
щелкать	1
поработать	1
потребить	1
нафаршировать	1
обязывать	1
законсервировать	1
эмансипировать	1
передумывать	1
иммобилизовать	1
предусмотреть	1
вылечивать	1
локализовать	1
изнасиловать	1
черпнить	1
совпасть	1
белеть	1
поухаживать	1
серебриться	1
скончаться	1
кидать	1
прижиматься	1
расчленять	1
тряхнуть	1
загружать	1
сколачивать	1
заречься	1
колотить	1
расширить	1
швырять	1
оговаривать	1
рыться	1
скомпилировать	1
кодифицировать	1
освежать	1
обмолвиться	1
пересаживать	1
выпечь	1
присоединить	1
управляться	1
констатировать	1
опьянеть	1
объявиться	1
додуматься	1
потрясать	1
проворчать	1
форсировать	1
амальгамировать	1
избаловать	1
принудить	1
повышаться	1
зарегистрировать	1
выследить	1
капать	1
вникать	1
квартировать	1
топтать	1
навязаться	1
хватиться	1
копить	1
сощурить	1
намазываться	1
красоваться	1
сочетать	1
функционировать	1
опалить	1
приседать	1
деградировать	1
гласить	1
кидуться	1
возносить	1
обожать	1
налаживаться	1
забыться	1
рецензировать	1
черпать	1
зажмуривать	1
обучиться	1
ослеплять	1
утверждаться	1
закалывать	1
прогнать	1
возиться	1
вознаградить	1
объявляться	1
упросить	1
имитировать	1
надуться	1
сушиться	1
подразумевать	1
убавить	1
капитализировать	1
чередовать	1
сконденсировать	1
управиться	1
поити	1
затеять	1
затухать	1
изьять	1
подрать	1
ухитряться	1
вспыхнуть	1
браниться	1
побеспокоиться	1
раскрасивать	1
зондировать	1
опечалить	1
потанцевать	1
пломбировать	1
высказываться	1
подчиниться	1
завлечь	1
демократизировать	1
сравняться	1
валить	1
нотифицировать	1
литься	1
отречься	1
сознать	1
затихать	1
делегировать	1
терпеться	1
предписать	1
затруднять	1
мерещится	1
возбуждаться	1
прикрепиться	1
схватиться	1
порицать	1
преминуть	1
тереть	1
терроризировать	1
украшаться	1
свернуться	1
разоружиться	1
умыть	1
взбираться	1
бороздить	1
распознавать	1
замешать	1
фигурировать	1
встревожиться	1
ослепить	1
подогреваться	1
выспаться	1
выделить	1
прогрессировать	1
сочетаться	1
окутаться	1
выселяться	1
виснуть	1
сваливать	1
поощрять	1
причесывать	1
продвигать	1
опаливать	1
освежить	1
порывать	1
перечислить	1
понизить	1
склеить	1
подключить	1
подступать	1
деформировать	1
переселяться	1
огрызаться	1
уколоть	1
отрезветь	1
распоряжаться	1
покаяться	1
валиться	1
группировать	1
заторопить	1
размениваться	1
председательствовать	1
скупить	1
обманываться	1
растворять	1
виться	1
сунуться	1
обновить	1
обязать	1
идеализировать	1
ввалиться	1
пролететь	1
растягивать	1
наклонить	1
бомбить	1
отучиться	1
даться	1
сохранить	1
устанавливаться	1
уешь	1
превалировать	1
отучивать	1
закупить	1
кинуть	1
истекать	1
померить	1
толпиться	1
ослабять	1
выстреливать	1
провериться	1
вербовать	1
обеднять	1
дискутировать	1
приукрасить	1
уверовать	1
убраться	1
склеивать	1
ощутить	1
вдумываться	1
чихать	1
вымываться	1
сузиться	1
пробрехать	1
штрафовать	1
гармонировать	1
договаривать	1
линять	1
симулировать	1
блюсти	1
погрозить	1
заплевивать	1
шатнуть	1
развалиться	1
монополизировать	1
завлекать	1
прикидываться	1
синтезировать	1
сговориться	1
повеситься	1
умолить	1
посинеть	1
подговорить	1
созвать	1
взалкать	1
просыпать	1
ведать	1
поспевать	1
фрахтовать	1
посеребрить	1
замести	1
пожевать	1
унизить	1
подключиться	1
зажмурить	1
бронировать	1
оговорить	1
постучаться	1
охвативать	1
развлекаться	1
страховать	1
замучиться	1
омыть	1
щупать	1
пересыхать	1
переоборудовать	1
подмыть	1
забываться	1
акклиматизировать	1
компилировать	1
демонтировать	1
улавливать	1
повести	1
опровергнуть	1
занумеровать	1
смеркаться	1
переити	1
осмысливать	1
столкнуться	1
нивелировать	1
оживлиться	1
удалиться	1
настраивать	1
воспрещать	1
подаваться	1
прикинуться	1
афишировать	1
финансировать	1
питать	1
диктоваться	1
обучаться	1
раскрыться	1
унижать	1
швырнуть	1
искупать	1
завершить	1
сшивать	1
ассистировать	1
резонировать	1
захохотать	1
понижаться	1
сконструировать	1
гнездоваться	1
разбередить	1
позаботить	1
окрашивать	1
носиться	1
абсорбировать	1
окупится	1
поколебаться	1
насиловать	1
калькулировать	1
пощекотать	1
простужать	1
вонзиться	1
разрушиться	1
осматриваться	1
проконсультировать	1
ссылать	1
асфальтировать	1
бездельничать	1
дотрагиваться	1
устроиться	1
консолидировать	1
миловать	1
обрести	1
теснится	1
складировать	1
преуменьшать	1
третировать	1
отформатировать	1
грезить	1
диссонировать	1
вместить	1
перелезать	1
калькировать	1
конструировать	1
наэлектризовать	1
повоевать	1
зафрахтовать	1
дешифрировать	1
проголодать	1
скользить	1
равнять	1
пилотировать	1
гнать	1
дорожать	1
повалиться	1
эмигрировать	1
возрождать	1
отыскиваться	1
соваться	1
массировать	1
заимствовать	1
блуждать	1
возродиться	1
заговаривать	1
простудить	1
составиться	1
взбаламутить	1
демонстрировать	1
пристать	1
проектировать	1
загружаться	1
распределиться	1
бдеть	1
окрасить	1
уловить	1
огрызнуться	1
беречься	1
утаивать	1
взобраться	1
спрессовать	1
распределяться	1
передаваться	1
обувать	1
подоити	1
щурить	1
сбавлять	1
предаваться	1
осложнить	1
побудить	1
потухать	1
наполнить	1
бредить	1
сторожить	1
скачать	1
сознавать	1
исправляться	1
вытрясать	1
анализировать	1
подтвердиться	1
интерпретировать	1
разгрызть	1
абонировать	1
мерзнуть	1
сосать	1
унижаться	1
проигнорировать	1
порадоваться	1
возвести	1
восстановляться	1
окупить	1
переворачивать	1
санкционировать	1
нервничать	1
импровизировать	1
подговаривать	1
вдавить	1
взлететь	1
разгорячится	1
восстановиться	1
наряжать	1
оштрафовать	1
поощрить	1
ввинтить	1
чиститься	1
предаться	1
набить	1
заклеивать	1
кружить	1
вдыхать	1
нормализовать	1
телефонировать	1
склонить	1
выглядивать	1
порываться	1
наводить	1
продвинуть	1
влететь	1
клеиьться	1
обуться	1
паниковать	1
завязаться	1
намазаться	1
подключать	1
пересесть	1
пробуравить	1
дрессировать	1
вытечь	1
настроить	1
вторгаться	1
отрекаться	1
синеть	1
продлиться	1
забрезжить	1
зачеркивать	1
западать	1
переводиться	1
воздвигнуть	1
переубеждать	1
отговорить	1
поругаться	1
полагать	1
обезобразить	1
сбалансировать	1
промочить	1
разбогатеть	1
мочить	1
натурализовать	1
запланировать	1
скопить	1
угаснуть	1
пробурчать	1
прессовать	1
обновлять	1
дознаваться	1
портиться	1
отоити	1
захлебнуться	1
сигнализировать	1
погреметь	1
кидаться	1
вентилировать	1
подступить	1
порадовать	1
прикладываться	1
подучить	1
сунуть	1
губить	1
рожать	1
поносить	1
поспешить	1
расплатиться	1
расчесать	1
расфасовать	1
скомпоновать	1
сбивать	1
послужить	1
помыть	1
сбыться	1
продемонстрировать	1
уразуметь	1
сжаться	1
нагрузить	1
проситься	1
сервировать	1
смотреться	1
набиваться	1
вливать	1
зарыдать	1
надоумливать	1
разместиться	1
закружиться	1
застраховаться	1
наставить	1
наблюдаться	1
бесчестить	1
буиствовать	1
поделить	1
свертиваться	1
щуриться	1
гримировать	1
материализовать	1
обрушится	1
унизиться	1
побелеть	1
мариновать	1
колебать	1
побить	1
пропеть	1
манить	1
затопить	1
преувеличить	1
сорваться	1
дебатироваться	1
взлохматить	1
толкнуться	1
практиковать	1
возбудиться	1
культивировать	1
огляднуться	1
уберечь	1
постригаться	1
умудриться	1
воспрепятствовать	1
индивидуализировать	1
побеседовать	1
фальсифицировать	1
помолодеть	1
децентрализовать	1
даровать	1
скалькировать	1
разослить	1
взбивать	1
смолоть	1
вонзаться	1
заживать	1
принуждать	1
сталкиваться	1
нормализоваться	1
разведывать	1
оживляться	1
очернить	1
программировать	1
развлечься	1
развлекать	1
поглаживать	1
укалывать	1
простерилизовать	1
хулить	1
вторгнуться	1
плясать	1
парализовать	1
исчерпать	1
мочиться	1
конфликтовать	1
избавляться	1
зябнуть	1
полезть	1
удержать	1
привязаться	1
проваливать	1
отпраздновать	1
вопить	1
завоевывать	1
зимовать	1
развязываться	1
вознести	1
прикидывать	1
заручиться	1
влечь	1
блокировать	1
припоминать	1
накопить	1
сортировать	1
заволакивать	1
светлеть	1
активизировать	1
забрасивать	1
надумывать	1
вырыться	1
спроектировать	1
зарегулировать	1
мелькнуть	1
щекотать	1
убираться	1
деморализовать	1
разменяться	1
